{
  "recent_pushes": {
    "LTC_4h": 1780090202.1927664,
    "SOL_15m": 1780504202.1108818,
    "BNB_1h": 1782041401.662143,
    "LTC_15m": 1780201801.9708476,
    "BNB_15m": 1781188201.5272512,
    "BTC_4h": 1782073801.287227,
    "NG_4h": 1782070201.7334104,
    "ETH_5m": 1782113401.2961814
  },
  "last_launch": {
    "sym": "ETH",
    "tf": "5m",
    "strategy": "vwap_deviation_long",
    "score": 0.4595,
    "cagr": 11.5,
    "at": "2026-06-22 03:30:01"
  }
}