{
  "recent_pushes": {
    "LTC_4h": 1780090202.1927664,
    "SOL_15m": 1780504202.1108818,
    "BNB_1h": 1780954201.8782103,
    "LTC_15m": 1780201801.9708476,
    "BNB_15m": 1781188201.5272512,
    "BTC_4h": 1781735401.595373,
    "NG_4h": 1781731801.4980133,
    "ETH_5m": 1781749803.9313
  },
  "last_launch": {
    "sym": "ETH",
    "tf": "5m",
    "strategy": "volatility_breakout",
    "score": 0.4592,
    "cagr": 21.4,
    "at": "2026-06-17 22:30:03"
  }
}