{
  "recent_pushes": {
    "LTC_4h": 1780090202.1927664,
    "SOL_15m": 1780504202.1108818,
    "BNB_1h": 1782041401.662143,
    "LTC_15m": 1780201801.9708476,
    "BNB_15m": 1781188201.5272512,
    "BTC_4h": 1782408601.686135,
    "NG_4h": 1782451801.34304,
    "ETH_5m": 1782113401.2961814
  },
  "last_launch": {
    "sym": "NG",
    "tf": "4h",
    "strategy": "tma_bands",
    "score": 0.434,
    "cagr": 46.2,
    "at": "2026-06-26 01:30:01"
  }
}