{
  "recent_pushes": {
    "LTC_4h": 1780090202.1927664,
    "SOL_15m": 1780504202.1108818,
    "BNB_1h": 1782041401.662143,
    "LTC_15m": 1780201801.9708476,
    "BNB_15m": 1781188201.5272512,
    "BTC_4h": 1782361801.5951807,
    "NG_4h": 1782358202.094351,
    "ETH_5m": 1782113401.2961814
  },
  "last_launch": {
    "sym": "BTC",
    "tf": "4h",
    "strategy": "three_candles_short",
    "score": 0.4171,
    "cagr": 24.7,
    "at": "2026-06-25 00:30:01"
  }
}