{
  "recent_pushes": {
    "LTC_4h": 1780090202.1927664,
    "SOL_15m": 1780504202.1108818,
    "BNB_1h": 1780954201.8782103,
    "LTC_15m": 1780201801.9708476,
    "BNB_15m": 1781188201.5272512,
    "BTC_4h": 1781829001.7339957,
    "NG_4h": 1781825401.9920287,
    "ETH_5m": 1781749803.9313
  },
  "last_launch": {
    "sym": "BTC",
    "tf": "4h",
    "strategy": "three_candles_short",
    "score": 0.4222,
    "cagr": 24.7,
    "at": "2026-06-18 20:30:01"
  }
}