{
  "tf": "1h",
  "params": {
    "use_execute": true,
    "use_trend": true,
    "use_range": false,
    "use_watch": false,
    "use_sess_b": true,
    "use_asia": true,
    "allow_friday": false,
    "req_htf2": true,
    "use_be": false,
    "adx_min": 20,
    "hurst_t": 0.5700000000000001,
    "adx_t": 28,
    "hurst_r": 0.44,
    "adx_r": 17,
    "temp_min": 11,
    "temp_max": 75,
    "ofi_threshold": 0.75,
    "elite_sl_mult": 2.4000000000000004,
    "elite_tp_mult": 2.0,
    "exec_sl_mult": 1.9,
    "exec_tp_mult": 3.5,
    "risk_pct": 1.5,
    "qty_tp1": 0.65,
    "signal_cooldown": 19
  },
  "fg_filter": 60,
  "metrics_is": {
    "name": "",
    "trades": 197,
    "winrate": 46.192893401015226,
    "pnl_pct": 30.0941579911324,
    "cagr": 3.8052827368115993,
    "trades_month": 2.3,
    "sharpe": 0.4554406455198674,
    "max_dd": -13.695832960290794,
    "profit_factor": 1.1845835976152785,
    "calmar": 0.2778423735047368,
    "avg_win": 21.22332442575097,
    "avg_loss": -15.380952290868066,
    "expect_usd": 1.5276222330524014,
    "gross_profit": 1931.3225227433381,
    "gross_loss": 1630.380942832015,
    "mae_atr_avg": -1.61,
    "mfe_atr_avg": 2.273
  },
  "metrics_oos": {
    "name": "",
    "trades": 45,
    "winrate": 46.666666666666664,
    "pnl_pct": 2.6654548825122446,
    "cagr": 1.5849472582802004,
    "trades_month": 2.2,
    "sharpe": 0.23976076497272464,
    "max_dd": -9.779950514120063,
    "profit_factor": 1.0910059557394471,
    "calmar": 0.16206086687165652,
    "avg_win": 15.21630999676871,
    "avg_loss": -12.20366504612585,
    "expect_usd": 0.592323307224943,
    "gross_profit": 319.5425099321429,
    "gross_loss": 292.88796110702043,
    "mae_atr_avg": -1.466,
    "mfe_atr_avg": 2.142
  },
  "score": 0.5662003655391148,
  "source": "bayesian + F&G filter <60",
  "note": "F&G filter <60 aplicado. OOS +1.6% vs -3.0% sin filtro."
}