{
  "tf": "1h",
  "params": {
    "use_execute": true,
    "use_trend": true,
    "use_range": false,
    "use_watch": false,
    "use_sess_b": true,
    "use_asia": true,
    "allow_friday": false,
    "req_htf2": false,
    "use_be": false,
    "adx_min": 27,
    "hurst_t": 0.6,
    "adx_t": 19,
    "hurst_r": 0.51,
    "adx_r": 23,
    "temp_min": 16,
    "temp_max": 99,
    "ofi_threshold": 0.55,
    "elite_sl_mult": 1.6,
    "elite_tp_mult": 2.75,
    "exec_sl_mult": 1.3,
    "exec_tp_mult": 4.0,
    "risk_pct": 0.5,
    "qty_tp1": 0.55,
    "signal_cooldown": 14
  },
  "metrics_is": {
    "name": "",
    "trades": 203,
    "winrate": 46.79802955665024,
    "pnl_pct": 14.144357780550354,
    "cagr": 5.670983752528325,
    "trades_month": 7.1,
    "sharpe": 0.831876413530313,
    "max_dd": -8.001769329274524,
    "profit_factor": 1.2097322691108925,
    "calmar": 0.7087162250205082,
    "avg_win": 8.587833936304074,
    "avg_loss": -6.244450427253548,
    "expect_usd": 0.6967663931305611,
    "gross_profit": 815.844223948887,
    "gross_loss": 674.4006461433831
  },
  "metrics_oos": {
    "name": "",
    "trades": 61,
    "winrate": 42.62295081967213,
    "pnl_pct": 0.8323418055288925,
    "cagr": 1.3920410389664184,
    "trades_month": 8.5,
    "sharpe": 0.2218677401617916,
    "max_dd": -7.484546148213431,
    "profit_factor": 1.0400462026679578,
    "calmar": 0.18598870411116378,
    "avg_win": 8.314184390962964,
    "avg_loss": -5.938439317421377,
    "expect_usd": 0.1364494763162114,
    "gross_profit": 216.16879416503707,
    "gross_loss": 207.8453761097482
  },
  "score": 0.3173526682062061,
  "note": "Modelo CV: IS +5.7%, OOS +1.4%, CV score 0.3174"
}