{
  "tf": "1h",
  "params": {
    "use_execute": true,
    "use_trend": true,
    "use_range": false,
    "use_watch": false,
    "use_sess_b": true,
    "use_asia": true,
    "allow_friday": false,
    "req_htf2": true,
    "use_be": false,
    "adx_min": 20,
    "hurst_t": 0.5700000000000001,
    "adx_t": 28,
    "hurst_r": 0.44,
    "adx_r": 17,
    "temp_min": 11,
    "temp_max": 75,
    "ofi_threshold": 0.75,
    "elite_sl_mult": 2.4000000000000004,
    "elite_tp_mult": 2.0,
    "exec_sl_mult": 1.9,
    "exec_tp_mult": 3.5,
    "risk_pct": 1.5,
    "qty_tp1": 0.65,
    "signal_cooldown": 19
  },
  "metrics_is": {
    "name": "",
    "trades": 122,
    "winrate": 40.98360655737705,
    "pnl_pct": -9.860658004715901,
    "cagr": -4.236180468551421,
    "trades_month": 4.2,
    "sharpe": -0.20684368997340227,
    "max_dd": -30.27599215214684,
    "profit_factor": 0.9131026023917956,
    "calmar": -0.13991879926719553,
    "avg_win": 20.722812726791144,
    "avg_loss": -15.760378005371068,
    "expect_usd": -0.8082506561242596,
    "gross_profit": 1036.1406363395572,
    "gross_loss": 1134.747216386717
  },
  "metrics_oos": {
    "name": "",
    "trades": 33,
    "winrate": 54.54545454545454,
    "pnl_pct": 22.677985560947242,
    "cagr": 40.61955690782999,
    "trades_month": 4.6,
    "sharpe": 1.9729172315842145,
    "max_dd": -13.426272317945529,
    "profit_factor": 1.8032611370731932,
    "calmar": 3.0253785969719957,
    "avg_win": 28.28354465299357,
    "avg_loss": -18.82159654296075,
    "expect_usd": 6.872116836650696,
    "gross_profit": 509.1038037538843,
    "gross_loss": 282.32394814441125
  },
  "score": 0.5662003655391148,
  "oos_efficiency": 9.589,
  "source": "bayesian_1095d",
  "note": "Solo reemplazar si OOS CAGR mejora. IS/OOS 80/20 split."
}