{
  "tf": "1h",
  "variant": "conservative_3yr",
  "params": {
    "use_execute": true,
    "use_trend": true,
    "use_range": false,
    "use_watch": false,
    "use_sess_b": true,
    "use_asia": false,
    "allow_friday": false,
    "req_htf2": true,
    "use_be": false,
    "adx_min": 21,
    "hurst_t": 0.62,
    "adx_t": 18,
    "hurst_r": 0.47,
    "adx_r": 24,
    "temp_min": 20,
    "temp_max": 97,
    "ofi_threshold": 0.75,
    "elite_sl_mult": 1.6,
    "elite_tp_mult": 2.25,
    "exec_sl_mult": 2.2,
    "exec_tp_mult": 4.5,
    "risk_pct": 0.4,
    "qty_tp1": 0.65,
    "signal_cooldown": 14
  },
  "metrics_is": {
    "name": "",
    "trades": 122,
    "winrate": 49.18032786885246,
    "pnl_pct": 10.404483931246864,
    "cagr": 4.213359872103872,
    "trades_month": 4.2,
    "sharpe": 0.9829112688426253,
    "max_dd": -3.1761029397905274,
    "profit_factor": 1.338888270266765,
    "calmar": 1.3265816480059538,
    "avg_win": 6.85104930638825,
    "avg_loss": -4.951905146303658,
    "expect_usd": 0.8528265517415431,
    "gross_profit": 411.062958383295,
    "gross_loss": 307.0181190708268
  },
  "metrics_oos": {
    "name": "",
    "trades": 34,
    "winrate": 50.0,
    "pnl_pct": 3.289962917155594,
    "cagr": 5.547086733038609,
    "trades_month": 4.7,
    "sharpe": 1.2092949954000678,
    "max_dd": -3.997101650397804,
    "profit_factor": 1.409023896009141,
    "calmar": 1.3877772491691687,
    "avg_win": 6.666712992862678,
    "avg_loss": -4.731440688653464,
    "expect_usd": 0.9676361521046069,
    "gross_profit": 113.33412087866552,
    "gross_loss": 80.43449170710889
  },
  "score": 0.3607322168467757,
  "note": "Modelo conservador: +4.2% IS / +5.5% OOS, DD -4%. Robusto en 3 anos incluyendo bear 2022. Alternativa a best_validated cuando se quiere minimo riesgo."
}