{"BTC/USDT_15m_dmi_bear": 1782356324.1650636, "BTC/USDT_1h_momentum_short": 1782369123.0246894, "BNB/USDT_1h_cci_reversal_short": 1782376902.3445568, "LTC/USDT_15m_wedge_breakdown_short": 1782386519.7298338}