{
  "last_multi_instance": 1782964864.0168889,
  "last_ssh_login": 1782964864.0366087,
  "last_ssh_brute": 1782964864.0366101
}