{"cpu_idle_since": {"2552953": 1781923848.8807292}, "last_low_ram_alert": 1781080800.2631419, "last_stale_alert": 1778815283.746553, "last_service_alert": 1781899550.9862285}