{"cpu_idle_since": {"274650": 1780981584.8486311}, "last_low_ram_alert": 1780985344.195889, "last_stale_alert": 1778815283.746553, "last_service_alert": 1780981284.0415049}