{"cpu_idle_since": {"2420365": 1781847427.9714804}, "last_low_ram_alert": 1781080800.2631419, "last_stale_alert": 1778815283.746553, "last_service_alert": 1781379624.0338855}