{"cpu_idle_since": {"42389": 1780872816.397876}, "last_low_ram_alert": 1780869115.7729564, "last_stale_alert": 1778815283.746553, "last_service_alert": 1780372848.8363934}