{"cpu_idle_since": {"2308457": 1780782929.04217}, "last_low_ram_alert": 1779996386.8622582, "last_stale_alert": 1778815283.746553, "last_service_alert": 1780372848.8363934}