{"cpu_idle_since": {"990943": 1781283504.0471787}, "last_low_ram_alert": 1781080800.2631419, "last_stale_alert": 1778815283.746553, "last_service_alert": 1781149137.1096284}