{"cpu_idle_since": {"3566181": 1782519537.919721}, "last_low_ram_alert": 1781080800.2631419, "last_stale_alert": 1778815283.746553, "last_service_alert": 1781899550.9862285}